{
"avg_TS_f1_0": 0.825531914893617,
"std_TS_f1_0": 0.02388291949004645,
"avg_TS_ap_0": 0.8799597063943064,
"std_TS_ap_0": 0.018099264802366788,
"avg_TS_auc_0": 0.9839621440884848,
"std_TS_auc_0": 0.0015714581742428387,
"avg_TS_f1_all": 0.825531914893617,
"std_TS_f1_all": 0.02388291949004645,
"avg_TS_ap_all": 0.8799597063943064,
"std_TS_ap_all": 0.018099264802366788,
"avg_TS_auc_all": 0.9839621440884848,
"std_TS_auc_all": 0.0015714581742428387
}
